{"cameraMode":{"drawMode":0,"name":"Shaded","section":"Shading Mode"},"sceneLighting":true,"audioPlay":false,"sceneViewState":{"showFog":true,"showMaterialUpdate":false,"showSkybox":true,"showFlares":true,"showImageEffects":true,"showParticleSystems":true},"in2DMode":false,"pivot":{"x":-1.6660429239273072,"y":1.59971284866333,"z":7.9904866218566898},"rotation":{"x":-0.1346244513988495,"y":0.06297390162944794,"z":-0.008573266677558422,"w":-0.9888567924499512},"size":15.966583251953125,"orthographic":false}