{"cameraMode":{"drawMode":0,"name":"Shaded","section":"Shading Mode"},"sceneLighting":true,"audioPlay":false,"sceneViewState":{"showFog":true,"showMaterialUpdate":false,"showSkybox":true,"showFlares":true,"showImageEffects":true,"showParticleSystems":true},"in2DMode":false,"pivot":{"x":-3.9651153087615969,"y":-2.101842164993286,"z":6.349492073059082},"rotation":{"x":-0.18018049001693726,"y":0.1489735096693039,"z":-0.027618244290351869,"w":-0.9718950390815735},"size":15.966583251953125,"orthographic":false}