{"cameraMode":{"drawMode":0,"name":"Shaded","section":"Shading Mode"},"sceneLighting":true,"audioPlay":false,"sceneViewState":{"showFog":true,"showMaterialUpdate":false,"showSkybox":true,"showFlares":true,"showImageEffects":true,"showParticleSystems":true},"in2DMode":false,"pivot":{"x":-0.777482271194458,"y":-1.3146562576293946,"z":7.809708595275879},"rotation":{"x":-0.17914794385433198,"y":0.044842932373285297,"z":-0.008174311369657517,"w":-0.9827660322189331},"size":15.966583251953125,"orthographic":false}