{"cameraMode":{"drawMode":0,"name":"Shaded","section":"Shading Mode"},"sceneLighting":true,"audioPlay":false,"sceneViewState":{"showFog":true,"showMaterialUpdate":false,"showSkybox":true,"showFlares":true,"showImageEffects":true,"showParticleSystems":true},"in2DMode":false,"pivot":{"x":-0.9583532810211182,"y":-0.19808900356292725,"z":0.12892436981201173},"rotation":{"x":-0.11484165489673615,"y":0.880322277545929,"z":-0.27261433005332949,"w":-0.37084490060806277},"size":5.707395553588867,"orthographic":false}